{"vegas": {"1": {"1": {"delay": 28.567, "loss": 0.00013302888138877478, "tput": 39.08191561375489}, "all": {"delay": 28.567, "loss": 0.00013302888138877478, "tput": 39.08191561375489}}}, "bbr": {"1": {"1": {"delay": 25.942, "loss": 0.0003680134486834241, "tput": 48.887259977563744}, "all": {"delay": 25.942, "loss": 0.0003680134486834241, "tput": 48.887259977563744}}}, "cubic": {"1": {"1": {"delay": 471.842, "loss": 0.004435268134287851, "tput": 49.935914905706184}, "all": {"delay": 471.842, "loss": 0.004435268134287851, "tput": 49.935914905706184}}}}