{"vegas": {"1": {"1": {"delay": 267.192, "loss": 0.0024109553812524664, "tput": 0.993989438915595}, "all": {"delay": 267.192, "loss": 0.0024109553812524664, "tput": 0.993989438915595}}}, "bbr": {"1": {"1": {"delay": 380.653, "loss": 0.005582803311636186, "tput": 0.9638001455268853}, "all": {"delay": 380.653, "loss": 0.005582803311636186, "tput": 0.9638001455268853}}}, "cubic": {"1": {"1": {"delay": 17438.623, "loss": 0.28411647304484255, "tput": 0.9946467620303596}, "all": {"delay": 17438.623, "loss": 0.28411647304484255, "tput": 0.9946467620303596}}}}