{"vegas": {"1": {"1": {"delay": 5.118, "loss": 6.689938733539513e-05, "tput": 11.957977766429874}, "all": {"delay": 5.118, "loss": 6.689938733539513e-05, "tput": 11.957977766429874}}}, "bbr": {"1": {"1": {"delay": 16.793, "loss": 0.0002000057334976546, "tput": 11.997507747704239}, "all": {"delay": 16.793, "loss": 0.0002000057334976546, "tput": 11.997507747704239}}}, "cubic": {"1": {"1": {"delay": 1966.106, "loss": 0.024430958138747627, "tput": 11.996058319373061}, "all": {"delay": 1966.106, "loss": 0.024430958138747627, "tput": 11.996058319373061}}}}